e958e8817081205d26fc8b1298cae205420e3936,DELETE,regular-file,apps/api/node_modules/@jridgewell/resolve-uri/dist/resolve-uri.mjs,8609,
1de97d011e53986c4497437eec6b649a51611fdf,DELETE,regular-file,apps/api/node_modules/@jridgewell/resolve-uri/dist/resolve-uri.mjs.map,14262,
a783049b0136da9128af243b699229e0870aa390,DELETE,regular-file,apps/api/node_modules/@jridgewell/resolve-uri/dist/resolve-uri.umd.js,9866,
70a37f21da35cad5db599004fb8ca601f3dfa57b,DELETE,regular-file,apps/api/node_modules/@jridgewell/resolve-uri/dist/resolve-uri.umd.js.map,14298,
b7f0b3b2d7d2eba98141e8b346328b1ff6d6118c,DELETE,regular-file,apps/api/node_modules/@jridgewell/resolve-uri/dist/types/resolve-uri.d.ts,150,
532bab39f010d1ce7988e3ae3f7e23a28d5a43a5,DELETE,regular-file,apps/api/node_modules/@jridgewell/sourcemap-codec/dist/sourcemap-codec.mjs,12869,
c276844b25973802e167a1da9521f7b54f058b72,DELETE,regular-file,apps/api/node_modules/@jridgewell/sourcemap-codec/dist/sourcemap-codec.mjs.map,9612,
79906276b6ecfd04f8d222acc5fbb58760138d0c,DELETE,regular-file,apps/api/node_modules/@jridgewell/sourcemap-codec/dist/sourcemap-codec.umd.js,14381,
febda21fa48f27567e0d4ef134ed3d6eaad839de,DELETE,regular-file,apps/api/node_modules/@jridgewell/sourcemap-codec/dist/sourcemap-codec.umd.js.map,9688,
8fce400cdd58b173579a1fa89b1cd831b8de0824,DELETE,regular-file,apps/api/node_modules/@jridgewell/trace-mapping/dist/trace-mapping.mjs,19414,
fec776904a38c99081273091269132e58f9ce2c7,DELETE,regular-file,apps/api/node_modules/@jridgewell/trace-mapping/dist/trace-mapping.mjs.map,15178,
8b755bd195e3f3b21a2a2451de226a2838fa2fb7,DELETE,regular-file,apps/api/node_modules/@jridgewell/trace-mapping/dist/trace-mapping.umd.js,22396,
4ef72e7fad3ab4774a70a3780fe2ddc3856544b4,DELETE,regular-file,apps/api/node_modules/@jridgewell/trace-mapping/dist/trace-mapping.umd.js.map,15515,
08bca6bfa8d7e06a33cc2ba77102fd0a74d5e2fc,DELETE,regular-file,apps/api/node_modules/@jridgewell/trace-mapping/dist/types/any-map.d.ts,319,
88820e500ea6429ddf2f9543709687c3bda90701,DELETE,regular-file,apps/api/node_modules/@jridgewell/trace-mapping/dist/types/binary-search.d.ts,1546,
8d1e53833c000cc220f27ba77bd52600b9384be9,DELETE,regular-file,apps/api/node_modules/@jridgewell/trace-mapping/dist/types/by-source.d.ts,349,
cf7d4f8a5a6105ee8d10361bc031303d5c30f730,DELETE,regular-file,apps/api/node_modules/@jridgewell/trace-mapping/dist/types/resolve.d.ts,82,
2bfb5dc10f83fb8112be4eca8d12185df49e9b7f,DELETE,regular-file,apps/api/node_modules/@jridgewell/trace-mapping/dist/types/sort.d.ts,166,
6d70924e140299d43b54fc424ff44f159939e476,DELETE,regular-file,apps/api/node_modules/@jridgewell/trace-mapping/dist/types/sourcemap-segment.d.ts,783,
bead5c12c3fe8da9bde28562c7088b48fdf8719f,DELETE,regular-file,apps/api/node_modules/@jridgewell/trace-mapping/dist/types/strip-filename.d.ts,152,
8cd4574491bf1db27ca62c6d8ad54182df21c6a0,DELETE,regular-file,apps/api/node_modules/@jridgewell/trace-mapping/dist/types/trace-mapping.d.ts,3614,
2cc90c0c238c633e67fc9d9200df5aa4571ea405,DELETE,regular-file,apps/api/node_modules/@jridgewell/trace-mapping/dist/types/types.d.ts,2218,
e07a6afaf8e336137fe00b1321f6de3b7f0085ea,DELETE,regular-file,apps/api/node_modules/acorn-walk/dist/walk.d.mts,5954,
e07a6afaf8e336137fe00b1321f6de3b7f0085ea,DELETE,regular-file,apps/api/node_modules/acorn-walk/dist/walk.d.ts,5954,
40b7aa1b078a188b1c73c1da60aa4da3ca6da85a,DELETE,regular-file,apps/api/node_modules/acorn-walk/dist/walk.js,15757,
c475ababc7ac308be115a413c5a8372e9eaa4cd0,DELETE,regular-file,apps/api/node_modules/acorn-walk/dist/walk.mjs,14341,
f2ec5243bcb2625afcc11f4296b4250ca858c431,DELETE,regular-file,apps/api/node_modules/acorn/dist/acorn.d.mts,21989,
f2ec5243bcb2625afcc11f4296b4250ca858c431,DELETE,regular-file,apps/api/node_modules/acorn/dist/acorn.d.ts,21989,
cb5628bf83cf0bcb63514b797a38e0442c383ea8,DELETE,regular-file,apps/api/node_modules/acorn/dist/acorn.js,241575,
74d5fc431be2b5062245e72937ef2032164b51cd,DELETE,regular-file,apps/api/node_modules/acorn/dist/acorn.mjs,229792,
c7d9b9f8ed88fe31b242cc3b443bc8c1759a183a,DELETE,regular-file,apps/api/node_modules/acorn/dist/bin.js,3329,
03571caa7e9e67c9e8a49dce35c1c62802718f0c,DELETE,regular-file,apps/api/node_modules/diff/dist/diff.js,48402,
976ad93643a37b92cae439002c671b642f27cdaf,DELETE,regular-file,apps/api/node_modules/diff/dist/diff.min.js,16978,
32444c690729d876cdad50d44c2e3a757c929eea,DELETE,regular-file,apps/api/node_modules/make-error/dist/make-error.js,2793,
b0f3e939a5803d7f6bb7afda9c60c392720002e8,DELETE,regular-file,apps/api/node_modules/path-to-regexp/dist/index.d.ts,3677,
49694bdab99866d6c389257af926cf6ac31d4f55,DELETE,regular-file,apps/api/node_modules/path-to-regexp/dist/index.js,12471,
d5054f9e237638461bb6956172eed905d9b8a27e,DELETE,regular-file,apps/api/node_modules/path-to-regexp/dist/index.js.map,28993,
d87c48512f1ad843bb1309c01a45b38fbf09402c,DELETE,regular-file,apps/api/node_modules/pg-cloudflare/dist/empty.d.ts,53,
bd78fc976ce1e8f5288b1c80dd7bf17382bb56eb,DELETE,regular-file,apps/api/node_modules/pg-cloudflare/dist/empty.js,258,
3eaa3b1c21dc2efafe72c84061a455dda1f00162,DELETE,regular-file,apps/api/node_modules/pg-cloudflare/dist/empty.js.map,150,
a779d149eeca6cf1c3d58e9c79e900a94b92fcca,DELETE,regular-file,apps/api/node_modules/pg-cloudflare/dist/index.d.ts,1150,
032339873e23b17aacd1867ddee73a427d80ff2c,DELETE,regular-file,apps/api/node_modules/pg-cloudflare/dist/index.js,4895,
abfb848b631ffed91572fe9253ccfa82df45516c,DELETE,regular-file,apps/api/node_modules/pg-cloudflare/dist/index.js.map,4970,
cb0ff5c3b541f646105198ee23ac0fc3d805023e,DELETE,regular-file,apps/api/node_modules/pg-protocol/dist/b.d.ts,11,
6c47c1058740893e88a06c8334e8e23dce3da269,DELETE,regular-file,apps/api/node_modules/pg-protocol/dist/b.js,636,
ccc8d6f33f97de77d4756967a7235c11fb29fab5,DELETE,regular-file,apps/api/node_modules/pg-protocol/dist/b.js.map,792,
41f753ec8a19616b0599247e8e3cb4bffc72f19e,DELETE,regular-file,apps/api/node_modules/pg-protocol/dist/buffer-reader.d.ts,396,
f93db76891238899a0dbbe0fe77037a18994422c,DELETE,regular-file,apps/api/node_modules/pg-protocol/dist/buffer-reader.js,1639,
8633c9c065ddb84fb8a575990b098a65b27025da,DELETE,regular-file,apps/api/node_modules/pg-protocol/dist/buffer-reader.js.map,1747,
4ac41e690cf938ecbaface833f146ae0fd3cf622,DELETE,regular-file,apps/api/node_modules/pg-protocol/dist/buffer-writer.d.ts,441,
76b3f8c69de2cbb01f25a5743b474ead02a8689f,DELETE,regular-file,apps/api/node_modules/pg-protocol/dist/buffer-writer.js,2772,
5aa1ba05fb15dab552a6f986f9102ffd93ab4036,DELETE,regular-file,apps/api/node_modules/pg-protocol/dist/buffer-writer.js.map,3087,
cb0ff5c3b541f646105198ee23ac0fc3d805023e,DELETE,regular-file,apps/api/node_modules/pg-protocol/dist/inbound-parser.test.d.ts,11,
b6d1b0aadefcecfd8d972a576927069a12c68d7d,DELETE,regular-file,apps/api/node_modules/pg-protocol/dist/inbound-parser.test.js,19234,
2b337fc2f723e8710038c4bff6e16148ec19b3d8,DELETE,regular-file,apps/api/node_modules/pg-protocol/dist/inbound-parser.test.js.map,14688,
3961def0f9b0ffaa4748e027f706354d01ffb22b,DELETE,regular-file,apps/api/node_modules/pg-protocol/dist/index.d.ts,302,
7eca3bf1dd5ed287a8170339283aa3e485499835,DELETE,regular-file,apps/api/node_modules/pg-protocol/dist/index.js,791,
db9423fd94a8aff400806d09cfd8b88713c38238,DELETE,regular-file,apps/api/node_modules/pg-protocol/dist/index.js.map,522,
f8f2e63d6eda9466fd974fc24182df0f42f79b07,DELETE,regular-file,apps/api/node_modules/pg-protocol/dist/messages.d.ts,6103,
b9f2c4482e21a42482d29ffacb1f6bf8afe34392,DELETE,regular-file,apps/api/node_modules/pg-protocol/dist/messages.js,4973,
9cf2581b11671b67001acb150fcb726a2a39586e,DELETE,regular-file,apps/api/node_modules/pg-protocol/dist/messages.js.map,3383,
cb0ff5c3b541f646105198ee23ac0fc3d805023e,DELETE,regular-file,apps/api/node_modules/pg-protocol/dist/outbound-serializer.test.d.ts,11,
9644e1e5d9c85d5e3f6f69cbf4938ccb3a16fafb,DELETE,regular-file,apps/api/node_modules/pg-protocol/dist/outbound-serializer.test.js,11065,
0a3cdce18d3335970ef0f4a6fdcb4dbc0cff9410,DELETE,regular-file,apps/api/node_modules/pg-protocol/dist/outbound-serializer.test.js.map,10276,
e2d134b198660c99cf37986d5944d62c62b7a175,DELETE,regular-file,apps/api/node_modules/pg-protocol/dist/parser.d.ts,1242,
f680e04a561a7c8d2a45a564692203517e608f7f,DELETE,regular-file,apps/api/node_modules/pg-protocol/dist/parser.js,13824,
9e878f720c525dd777ca0739ff3110342c74b552,DELETE,regular-file,apps/api/node_modules/pg-protocol/dist/parser.js.map,11246,
a9ef64af6e70ebb7ad98158da3640ae1a995cadd,DELETE,regular-file,apps/api/node_modules/pg-protocol/dist/serializer.d.ts,1273,
f3e5d28ab3935974ae252a1c6ddbcf6a1549e4d0,DELETE,regular-file,apps/api/node_modules/pg-protocol/dist/serializer.js,6937,
513c2fa5a4685f418f14dac3fd4dd234434f33d0,DELETE,regular-file,apps/api/node_modules/pg-protocol/dist/serializer.js.map,7124,
f37989a5ab995ee5e5e7fe02e1d9bccd4ad3073f,DELETE,regular-file,apps/api/node_modules/qs/dist/qs.js,49512,
aad0620d70e16717ec338fc1d332279739e0d97c,DELETE,regular-file,apps/api/node_modules/source-map/dist/source-map.debug.js,272874,
b4eb08742598ff797f613e9bf15e55ce70c9fb10,DELETE,regular-file,apps/api/node_modules/source-map/dist/source-map.js,106973,
c7c72dad8b59de41f3c932da18a5e5577ba76cb8,DELETE,regular-file,apps/api/node_modules/source-map/dist/source-map.min.js,27111,
d2cc86eb230313af9bbdbd3faed7f8e7c7247788,DELETE,regular-file,apps/api/node_modules/source-map/dist/source-map.min.js.map,257409,
b7988016daa5bf0b3d4fcdccaba52780a9983d9d,DELETE,regular-file,apps/api/node_modules/ts-node/dist/bin-cwd.d.ts,31,
dc241b6dd30ca94aab2b0561193d19650ca677e5,DELETE,executable,apps/api/node_modules/ts-node/dist/bin-cwd.js,215,
f50e7e313ca850e2d2bb84d523b45566f0a5a125,DELETE,regular-file,apps/api/node_modules/ts-node/dist/bin-cwd.js.map,305,
b7988016daa5bf0b3d4fcdccaba52780a9983d9d,DELETE,regular-file,apps/api/node_modules/ts-node/dist/bin-esm.d.ts,31,
3c7a778e74366be10a8724774274cf7f2e7b3fb3,DELETE,executable,apps/api/node_modules/ts-node/dist/bin-esm.js,211,
a5fc896f19c6030573d20f3062e4f73398c9edea,DELETE,regular-file,apps/api/node_modules/ts-node/dist/bin-esm.js.map,301,
b7988016daa5bf0b3d4fcdccaba52780a9983d9d,DELETE,regular-file,apps/api/node_modules/ts-node/dist/bin-script-deprecated.d.ts,31,
94029dc880f60e464244cf70b912acac771256fe,DELETE,executable,apps/api/node_modules/ts-node/dist/bin-script-deprecated.js,363,
7a116c0912751e7a998e7edb6c0afbc1bb371b7f,DELETE,regular-file,apps/api/node_modules/ts-node/dist/bin-script-deprecated.js.map,535,
b7988016daa5bf0b3d4fcdccaba52780a9983d9d,DELETE,regular-file,apps/api/node_modules/ts-node/dist/bin-script.d.ts,31,
3a9c821cee0b39830b53183643a9562cc37fe7b9,DELETE,executable,apps/api/node_modules/ts-node/dist/bin-script.js,221,
004c80572e1287d74dd77c0d7d63b1261477875d,DELETE,regular-file,apps/api/node_modules/ts-node/dist/bin-script.js.map,314,
b7988016daa5bf0b3d4fcdccaba52780a9983d9d,DELETE,regular-file,apps/api/node_modules/ts-node/dist/bin-transpile.d.ts,31,
7bcdc385b735db333b223791c291b93ff0b0221f,DELETE,executable,apps/api/node_modules/ts-node/dist/bin-transpile.js,227,
deb663e5b5ea0290ecc20eaa1bfc065411e054f3,DELETE,regular-file,apps/api/node_modules/ts-node/dist/bin-transpile.js.map,325,
0817f8882284c53b52d138ca080f95e35e9db4f6,DELETE,regular-file,apps/api/node_modules/ts-node/dist/bin.d.ts,513,
0e6fe23004fcb498d2351c24d2d35004cd822ea5,DELETE,executable,apps/api/node_modules/ts-node/dist/bin.js,26506,
efb2739f25ac90995e5e16249480e7878b8825ff,DELETE,regular-file,apps/api/node_modules/ts-node/dist/bin.js.map,41981,
cb0ff5c3b541f646105198ee23ac0fc3d805023e,DELETE,regular-file,apps/api/node_modules/ts-node/dist/child/argv-payload.d.ts,11,
669e7473dfc41f52f73438bb6eaba6b4d4621cc2,DELETE,regular-file,apps/api/node_modules/ts-node/dist/child/argv-payload.js,734,
84a3b8f2e0ef03920f29c7d6963dd98d42650db7,DELETE,regular-file,apps/api/node_modules/ts-node/dist/child/argv-payload.js.map,1187,
cb0ff5c3b541f646105198ee23ac0fc3d805023e,DELETE,regular-file,apps/api/node_modules/ts-node/dist/child/child-entrypoint.d.ts,11,
f498b4c1791be18032da1b9df300300147525e21,DELETE,regular-file,apps/api/node_modules/ts-node/dist/child/child-entrypoint.js,1066,
bdab0f0092a42ea6df8e5bb952917b536ee4e0c2,DELETE,regular-file,apps/api/node_modules/ts-node/dist/child/child-entrypoint.js.map,1856,
cb0ff5c3b541f646105198ee23ac0fc3d805023e,DELETE,regular-file,apps/api/node_modules/ts-node/dist/child/child-loader.d.ts,11,
a56286e16feffc81b6fb7e2fcee8a9b73517be2c,DELETE,regular-file,apps/api/node_modules/ts-node/dist/child/child-loader.js,1347,
3c59ed6e5108bd77bcf571f716260e2ae34012f8,DELETE,regular-file,apps/api/node_modules/ts-node/dist/child/child-loader.js.map,2103,
1dae4d865afd50e49e7cc2dec620fd6c2684cc28,DELETE,regular-file,apps/api/node_modules/ts-node/dist/child/child-require.d.ts,305,
2dbde85769e210fc90290a58e18c6a043465e292,DELETE,regular-file,apps/api/node_modules/ts-node/dist/child/child-require.js,1054,
51f712c1c7e3dc3056b40f756991a1ea1efdc778,DELETE,regular-file,apps/api/node_modules/ts-node/dist/child/child-require.js.map,1884,
cb0ff5c3b541f646105198ee23ac0fc3d805023e,DELETE,regular-file,apps/api/node_modules/ts-node/dist/child/spawn-child.d.ts,11,
6efdfd7925c8a75ea93657317b7a57b9afad7dde,DELETE,regular-file,apps/api/node_modules/ts-node/dist/child/spawn-child.js,1895,
12e7f60b706117617c026799105da2c3c4974df5,DELETE,regular-file,apps/api/node_modules/ts-node/dist/child/spawn-child.js.map,3196,
cb0ff5c3b541f646105198ee23ac0fc3d805023e,DELETE,regular-file,apps/api/node_modules/ts-node/dist/cjs-resolve-hooks.d.ts,11,
8e056956da0f080c315e6d4ad3c5f44be43f7509,DELETE,regular-file,apps/api/node_modules/ts-node/dist/cjs-resolve-hooks.js,1331,
3f49b7d81235d04a4dc99e27e3ab9c8c7e898b40,DELETE,regular-file,apps/api/node_modules/ts-node/dist/cjs-resolve-hooks.js.map,2982,
cb0ff5c3b541f646105198ee23ac0fc3d805023e,DELETE,regular-file,apps/api/node_modules/ts-node/dist/configuration.d.ts,11,
2e55dcdb6e8f57bbf94fe1c548181026f7e97324,DELETE,regular-file,apps/api/node_modules/ts-node/dist/configuration.js,13874,
392a32f155fbb9d018414e5f7361944e4dbb44d8,DELETE,regular-file,apps/api/node_modules/ts-node/dist/configuration.js.map,22936,
bbd0e23152d8ece86402559c2d7723f38d2ea86e,DELETE,regular-file,apps/api/node_modules/ts-node/dist/esm.d.ts,2073,
33a6b6bb66a61a022cab646e06a81ab5b9926ed8,DELETE,regular-file,apps/api/node_modules/ts-node/dist/esm.js,11087,
89b91ae998aa183c4d59619a3db8a7401abcc57a,DELETE,regular-file,apps/api/node_modules/ts-node/dist/esm.js.map,21075,
cb0ff5c3b541f646105198ee23ac0fc3d805023e,DELETE,regular-file,apps/api/node_modules/ts-node/dist/file-extensions.d.ts,11,
e148e0410399c1ad1dd192d166233047724c0b1e,DELETE,regular-file,apps/api/node_modules/ts-node/dist/file-extensions.js,5702,
6b99baae7674ce9fa0e18a47480c571b6759be7e,DELETE,regular-file,apps/api/node_modules/ts-node/dist/file-extensions.js.map,9477,
8364b0e71d5e5827c76f6e9f4b46953cce4909db,DELETE,regular-file,apps/api/node_modules/ts-node/dist/index.d.ts,11689,
c03afbf9bce2a8b743e27c46d872c1a697284209,DELETE,regular-file,apps/api/node_modules/ts-node/dist/index.js,45986,
c65cd12a34b083968d92193a36f28c9379c6f1a6,DELETE,regular-file,apps/api/node_modules/ts-node/dist/index.js.map,89796,
cb0ff5c3b541f646105198ee23ac0fc3d805023e,DELETE,regular-file,apps/api/node_modules/ts-node/dist/module-type-classifier.d.ts,11,
4d2aabbed08d848ad10fbd70cb78319ad246e881,DELETE,regular-file,apps/api/node_modules/ts-node/dist/module-type-classifier.js,2363,
731dfad83d32d2c7de1ae9eb00678ca181ca0c63,DELETE,regular-file,apps/api/node_modules/ts-node/dist/module-type-classifier.js.map,4897,
cb0ff5c3b541f646105198ee23ac0fc3d805023e,DELETE,regular-file,apps/api/node_modules/ts-node/dist/node-module-type-classifier.d.ts,11,
664cd9f0d271ac0dd8a89daf53b8e451512af8a8,DELETE,regular-file,apps/api/node_modules/ts-node/dist/node-module-type-classifier.js,1515,
b2f4bad2b101ce17a0cf9dea0ee782e8563117e3,DELETE,regular-file,apps/api/node_modules/ts-node/dist/node-module-type-classifier.js.map,2169,
4cd68bb4ed601116d90701e71651d0b04e0f2b5d,DELETE,regular-file,apps/api/node_modules/ts-node/dist/repl.d.ts,2888,
6955818006aacc79ffe5974474e0d2764b2ab06c,DELETE,regular-file,apps/api/node_modules/ts-node/dist/repl.js,21715,
c375c841bb502ef86e52559980ba63ba4ff47835,DELETE,regular-file,apps/api/node_modules/ts-node/dist/repl.js.map,39064,
cb0ff5c3b541f646105198ee23ac0fc3d805023e,DELETE,regular-file,apps/api/node_modules/ts-node/dist/resolver-functions.d.ts,11,
16ed0460ffca425963cf8d290a8d094e667a831a,DELETE,regular-file,apps/api/node_modules/ts-node/dist/resolver-functions.js,7574,
1ef0d826fa08366cea766f887427ef017aacf404,DELETE,regular-file,apps/api/node_modules/ts-node/dist/resolver-functions.js.map,13596,
942e7465bda8633ec40376915365cd78fe924ce7,DELETE,regular-file,apps/api/node_modules/ts-node/dist/transpilers/swc.d.ts,470,
e49f88127820f7eda2b337e4f6e492f44c9828b3,DELETE,regular-file,apps/api/node_modules/ts-node/dist/transpilers/swc.js,9311,
06330f0f4dbe67b4911a5e2d6e3e0beb83be8509,DELETE,regular-file,apps/api/node_modules/ts-node/dist/transpilers/swc.js.map,15345,
13049f855e386c140029e5992d529d6a90e23d3e,DELETE,regular-file,apps/api/node_modules/ts-node/dist/transpilers/types.d.ts,1008,
11e638d1ee44ae0dcb1feb5aef676ea74a7d4df3,DELETE,regular-file,apps/api/node_modules/ts-node/dist/transpilers/types.js,110,
2a00c2ff0bc0d7d18277169a0acc0ea35377617a,DELETE,regular-file,apps/api/node_modules/ts-node/dist/transpilers/types.js.map,2176,
99cd4c62381bcbaacfaa3545f412ca36f5ed82f5,DELETE,regular-file,apps/api/node_modules/ts-node/dist/ts-compiler-types.d.ts,3305,
5b1ec9227d83db47dd74d3b7173b393acac55384,DELETE,regular-file,apps/api/node_modules/ts-node/dist/ts-compiler-types.js,122,
07315ef6b0cd0c52cf7096ca1e64b347f3a02698,DELETE,regular-file,apps/api/node_modules/ts-node/dist/ts-compiler-types.js.map,6447,
d5903d63fe3efc1ba32d0c1511f561b65f149730,DELETE,regular-file,apps/api/node_modules/ts-node/dist/ts-internals.d.ts,312,
9cd16110ab3bb1834e5c021ee9bbf1a0c7ccc577,DELETE,regular-file,apps/api/node_modules/ts-node/dist/ts-internals.js,13675,
5a4d2d83bdd808636c41c1f1b46888a190f2beba,DELETE,regular-file,apps/api/node_modules/ts-node/dist/ts-internals.js.map,24350,
cb0ff5c3b541f646105198ee23ac0fc3d805023e,DELETE,regular-file,apps/api/node_modules/ts-node/dist/ts-transpile-module.d.ts,11,
50028553fab1daf76aeef7411d676925eafe3a6b,DELETE,regular-file,apps/api/node_modules/ts-node/dist/ts-transpile-module.js,4941,
f2b69ad95ef6ba49a55fac4d452bec7886c28569,DELETE,regular-file,apps/api/node_modules/ts-node/dist/ts-transpile-module.js.map,9092,
a13c6e9b0a0219a6d9aa52a1f85e71168aa6dcb0,DELETE,regular-file,apps/api/node_modules/ts-node/dist/tsconfig-schema.d.ts,464,
945d4148594fcd23512e6ba820af3b74be425c47,DELETE,regular-file,apps/api/node_modules/ts-node/dist/tsconfig-schema.js,120,
0c786f0ebdee75a862a0fa26904d451fca010224,DELETE,regular-file,apps/api/node_modules/ts-node/dist/tsconfig-schema.js.map,887,
cb0ff5c3b541f646105198ee23ac0fc3d805023e,DELETE,regular-file,apps/api/node_modules/ts-node/dist/tsconfigs.d.ts,11,
08d61b1a34fa865df37ec201d75b994170bf2a1c,DELETE,regular-file,apps/api/node_modules/ts-node/dist/tsconfigs.js,1435,
add35143147e8d244693f8a59f7456b0edd4fef6,DELETE,regular-file,apps/api/node_modules/ts-node/dist/tsconfigs.js.map,2442,
0e07d4bd24799cff5f9f18c2475ca689a1042e10,DELETE,regular-file,apps/api/node_modules/ts-node/dist/util.d.ts,118,
fcce901b9dda3498811f7d609cbb76d4dab883e9,DELETE,regular-file,apps/api/node_modules/ts-node/dist/util.js,6140,
1f7aa4fe510d2ba64f50d082d3232c118a61a89e,DELETE,regular-file,apps/api/node_modules/ts-node/dist/util.js.map,9523,
3f86ebf73b0b64d74b76bcc78cebc292f74fab10,DELETE,regular-file,apps/api/node_modules/tsconfig/dist/tsconfig.d.ts,730,
6e8a96c8fbbc9ef1b90b6681c763629eca51f36f,DELETE,regular-file,apps/api/node_modules/tsconfig/dist/tsconfig.js,4567,
b396526363788f60415168a33a1d4af6d768571c,DELETE,regular-file,apps/api/node_modules/tsconfig/dist/tsconfig.js.map,4941,
e69de29bb2d1d6434b8b29ae775ad8c2e48c5391,DELETE,regular-file,apps/api/node_modules/tsconfig/dist/tsconfig.spec.d.ts,0,
a80c031628757e7d4fc2d76e9d87d43af9dcd923,DELETE,regular-file,apps/api/node_modules/tsconfig/dist/tsconfig.spec.js,5001,
ae38dcf297f4562a6eab97232be08f5c5b4c451b,DELETE,regular-file,apps/api/node_modules/tsconfig/dist/tsconfig.spec.js.map,3996,
